lord,390
king,258
house,203
god,188
israel,187
judah,161
jerusalem,127
son,104
thou,93
solomon,85
david,74
brought,70
priests,69
fathers,64
levites,62
hand,59
thousand,58
father,58
children,53
years,53
men,51
land,51
cities,48
gold,47
great,43
sons,42
reigned,40
man,40
hezekiah,40
place,39
put,39
set,39
city,39
burnt,37
offerings,37
built,37
chapter,36
behold,36
day,36
reign,35
heart,35
twenty,35
kings,31
began,31
congregation,30
servants,29
book,27
year,27
gave,27
high,26
altar,25
days,25
written,25
cubits,24
thereof,24
stood,24
gathered,23
heaven,23
kingdom,22
left,22
princes,22
captains,21
silver,21
vessels,21
pass,21
brethren,21
priest,21
inhabitants,20
egypt,19
build,19
gods,19
hear,19
jeroboam,19
prepared,18
give,18
abundance,18
work,18
sight,18
war,18
rest,18
passover,18
ten,17
incense,17
holy,17
law,17
carried,17
commanded,17
evil,17
places,17
commandment,17
words,17
buried,17
slew,17
chief,16
stead,16
cast,16
offering,16
covenant,16
time,16
prophet,16
ark,15
sought,15
heard,15
good,15
word,15
ways,15
mighty,15
wrath,15
smote,15
altars,15
host,15
servant,14
month,14
turn,14
daughter,14
gate,14
acts,14
returned,14
benjamin,14
battle,14
ahab,14
strengthened,13
bring,13
wall,13
oxen,13
side,13
sanctified,13
chosen,13
walked,13
deliver,13
seek,13
service,13
delivered,13
images,13
assyria,13
moses,12
chariots,12
stones,12
syria,12
burn,12
cut,12
temple,12
hands,12
prayer,12
eyes,12
dwelt,12
mother,12
earth,11
trees,11
answered,11
trumpets,11
sin,11
peace,11
fenced,11
spirit,11
slept,11
counsel,11
fight,11
humbled,11
spoil,11
offered,10
multitude,10
manner,10
sea,10
doors,10
feast,10
sheep,10
present,10
throne,10
return,10
courses,10
died,10
wives,10
forsaken,10
brake,10
groves,10
destroyed,10
prophets,10
wisdom,9
chariot,9
threescore,9
send,9
lebanon,9
carry,9
mount,9
instruments,9
wherefore,9
face,9
laid,9
pray,9
praise,9
beth,9
shields,9
strong,9
army,9
valour,9
valley,9
zechariah,9
killed,9
blood,9
babylon,9
long,8
brass,8
blessed,8
overlaid,8
talents,8
wrought,8
court,8
finished,8
treasures,8
turned,8
mouth,8
fear,8
captives,8
serve,8
seer,8
young,8
slain,8
death,8
small,8
samaria,8
sword,8
tabernacle,7
riches,7
honour,7
enemies,7
horsemen,7
twelve,7
fifty,7
told,7
fourscore,7
daughters,7
spoken,7
precious,7
spread,7
pillars,7
called,7
singers,7
stand,7
minister,7
dwelling,7
ruler,7
hearken,7
entering,7
appointed,7
philistines,7
lands,7
yoke,7
destroy,7
aaron,7
trespass,7
broken,7
money,7
hundreds,6
wilderness,6
mercy,6
horses,6
dwell,6
heavens,6
save,6
sacrifice,6
cunning,6
timber,6
pure,6
wing,6
dedicated,6
sacrificed,6
walk,6
forgive,6
taught,6
fire,6
worshipped,6
nations,6
store,6
bare,6
wife,6
departed,6
ships,6
judgment,6
speak,6
hearkened,6
number,6
ethiopians,6
prosper,6
fell,6
sixteen,6
towers,6
power,6
art,6
rejoiced,6
sepulchres,6
enquire,6
amon,6
sanctuary,6
offer,6
anger,6
sanctify,6
bullocks,6
night,5
established,5
knowledge,5
judge,5
linen,5
beaten,5
wine,5
oil,5
writing,5
overseers,5
breadth,5
porch,5
top,5
east,5
perfect,5
assembled,5
tribes,5
voice,5
filled,5
presence,5
supplication,5
sore,5
country,5
captive,5
sacrifices,5
bowed,5
tents,5
wilt,5
statutes,5
commandments,5
caused,5
bread,5
porters,5
queen,5
spices,5
fled,5
portion,5
countries,5
kingdoms,5
rams,5
cried,5
brook,5
helped,5
heathen,5
rose,5
smitten,5
bowels,5
arose,5
pieces,5
repair,5
scribe,5
conspired,5
abominations,5
sprinkled,5
brother,5
sennacherib,5
governor,4
asked,4
cedar,4
received,4
shekels,4
burdens,4
morning,4
evening,4
sabbaths,4
iron,4
prepare,4
loved,4
fine,4
find,4
numbered,4
length,4
height,4
walls,4
wings,4
cherub,4
oracle,4
heads,4
molten,4
brim,4
compass,4
wit,4
lamps,4
seventh,4
psalteries,4
harps,4
lifted,4
praised,4
reason,4
glory,4
promised,4
hearts,4
heed,4
sinned,4
shut,4
sickness,4
goodness,4
anointed,4
sounded,4
fat,4
forsook,4
served,4
gates,4
officers,4
times,4
unleavened,4
charges,4
hid,4
forty,4
heavy,4
spears,4
exceeding,4
office,4
transgressed,4
entered,4
looked,4
quiet,4
cattle,4
loud,4
idol,4
damascus,4
escaped,4
wroth,4
disease,4
arabians,4
forbear,4
prophesied,4
mountains,4
fall,4
affliction,4
gifts,4
substance,4
part,4
sabbath,4
singing,4
chest,4
workmen,4
die,4
consecrated,4
trespassed,4
eat,4
cleansed,4
lambs,4
prayed,4
heaps,4
carved,4
jeremiah,4
nebuchadnezzar,4
persia,4
exceedingly,3
thousands,3
judges,3
tyre,3
deal,3
sweet,3
moons,3
solemn,3
feasts,3
ordinance,3
purple,3
crimson,3
blue,3
skill,3
grave,3
measures,3
wheat,3
barley,3
baths,3
understanding,3
woman,3
strangers,3
building,3
thereon,3
chains,3
posts,3
weight,3
upper,3
reaching,3
faces,3
pomegranates,3
west,3
south,3
tables,3
pots,3
pommels,3
chapiters,3
ground,3
elders,3
staves,3
drew,3
cymbals,3
risen,3
midst,3
cry,3
open,3
oath,3
wicked,3
worse,3
enemy,3
rain,3
pestilence,3
whatsoever,3
captivity,3
dealt,3
wickedly,3
soul,3
ears,3
clothed,3
consumed,3
enter,3
waited,3
eighth,3
forsake,3
prevailed,3
desired,3
tribute,3
order,3
foundation,3
company,3
table,3
sitting,3
continually,3
shield,3
passed,3
answer,3
advice,3
rebelled,3
possession,3
ordained,3
begat,3
poured,3
guard,3
wars,3
eighteenth,3
array,3
valiant,3
withstand,3
business,3
slaughter,3
relied,3
towns,3
waxed,3
prospered,3
trouble,3
nation,3
idols,3
depart,3
divers,3
burning,3
presents,3
flocks,3
goats,3
joined,3
entice,3
compassed,3
syrians,3
beer,3
faithfully,3
ammonites,3
levite,3
dismayed,3
sing,3
utterly,3
dead,3
fought,3
works,3
destruction,3
clothes,3
proclamation,3
houses,3
home,3
burned,3
corner,3
leper,3
isaiah,3
fierce,3
villages,3
repaired,3
gladness,3
letters,3
compassion,3
tithe,3
genealogy,3
read,3
families,3
cyrus,3
magnified,2
tent,2
shewed,2
dust,2
wealth,2
life,2
yarn,2
merchants,2
fetched,2
horse,2
hittites,2
determined,2
mountain,2
fir,2
hewers,2
endued,2
stone,2
bearers,2
appeared,2
fourth,2
tree,2
palm,2
beauty,2
chambers,2
image,2
feet,2
reared,2
rows,2
flowers,2
lavers,2
wash,2
candlesticks,2
shovels,2
wreaths,2
cover,2
bases,2
golden,2
spoons,2
wait,2
arrayed,2
sounding,2
trumpeters,2
praising,2
cloud,2
habitation,2
fulfilled,2
chose,2
loins,2
room,2
fail,2
respect,2
supplications,2
swear,2
head,2
righteous,2
confess,2
inheritance,2
locusts,2
stranger,2
arm,2
maintain,2
strength,2
salvation,2
rejoice,2
offices,2
hallowed,2
meat,2
river,2
assembly,2
humble,2
judgments,2
worship,2
astonishment,2
restored,2
bars,2
dominion,2
pay,2
rate,2
required,2
matter,2
perfected,2
fame,2
questions,2
camels,2
apparel,2
true,2
greatness,2
happy,2
desire,2
governors,2
targets,2
forest,2
ivory,2
steps,2
stays,2
lions,2
standing,2
harness,2
stalls,2
plains,2
prophecy,2
visions,2
grievous,2
ease,2
lived,2
chastised,2
whips,2
chastise,2
scorpions,2
add,2
thereto,2
perform,2
stoned,2
fortified,2
victual,2
suburbs,2
executing,2
calves,2
concubines,2
thought,2
pertained,2
committed,2
chamber,2
ammonitess,2
genealogies,2
salt,2
charge,2
captain,2
pursued,2
recover,2
sayings,2
story,2
strange,2
bows,2
prevail,2
meet,2
simeon,2
removed,2
thirtieth,2
ben,2
league,2
prison,2
rage,2
bed,2
obadiah,2
castles,2
willingly,2
armed,2
bow,2
ready,2
hate,2
sat,2
robes,2
truth,2
lying,2
water,2
disguised,2
wounded,2
charged,2
matters,2
ishmael,2
seed,2
abraham,2
famine,2
afraid,2
morrow,2
early,2
holiness,2
slay,2
watch,2
bodies,2
fallen,2
jewels,2
joy,2
revolted,2
stirred,2
youngest,2
diseases,2
camp,2
healed,2
sick,2
courts,2
rent,2
treason,2
baal,2
gather,2
collection,2
hired,2
withal,2
greatly,2
kindled,2
rock,2
thistle,2
abide,2
turning,2
forehead,2
field,2
women,2
sins,2
expressed,2
naked,2
drink,2
street,2
eden,2
cleanse,2
rulers,2
sang,2
wrote,2
remnant,2
mocked,2
fourteenth,2
comfortably,2
encouraged,2
corn,2
increase,2
lay,2
males,2
upward,2
fountains,2
stopped,2
raised,2
siege,2
persuade,2
ambassadors,2
provoke,2
bound,2
fetters,2
seers,2
graven,2
divisions,2
lamentations,2
months,2
eleven,2
goodly,2
messengers,2
fulfil,2
chronicles,1
pitched,1
thither,1
promise,1
granted,1
journey,1
plenteous,1
vale,1
price,1
means,1
bear,1
hew,1
oversee,1
cedars,1
dedicate,1
continual,1
provide,1
wonderful,1
wise,1
prudence,1
skilful,1
graving,1
device,1
wood,1
joppa,1
numbering,1
instructed,1
measure,1
front,1
greater,1
garnished,1
beams,1
graved,1
amounting,1
nails,1
joining,1
chapiter,1
line,1
similitude,1
cubit,1
compassing,1
north,1
hinder,1
parts,1
thickness,1
handbreadth,1
cup,1
lilies,1
held,1
washed,1
form,1
wreath,1
bright,1
plain,1
jordan,1
clay,1
succoth,1
tongs,1
snuffers,1
censers,1
entry,1
zion,1
covered,1
ends,1
white,1
sound,1
thanking,1
thick,1
darkness,1
performed,1
scaffold,1
broad,1
kneeled,1
knees,1
sit,1
verified,1
deed,1
neighbour,1
requiting,1
recompensing,1
justifying,1
giving,1
righteousness,1
afflict,1
dearth,1
blasting,1
mildew,1
besiege,1
grief,1
render,1
live,1
sake,1
stretched,1
angry,1
bethink,1
amiss,1
beseech,1
arise,1
resting,1
saints,1
remember,1
mercies,1
praying,1
pavement,1
ministry,1
middle,1
receive,1
dedication,1
twentieth,1
glad,1
merry,1
prosperously,1
effected,1
command,1
devour,1
heal,1
perpetually,1
observe,1
covenanted,1
pluck,1
roots,1
proverb,1
byword,1
hold,1
nether,1
rule,1
pharaoh,1
weeks,1
tabernacles,1
duty,1
prove,1
hard,1
communed,1
attendance,1
ministers,1
cupbearers,1
ascent,1
report,1
believed,1
delighted,1
establish,1
justice,1
spice,1
terraces,1
palace,1
chapmen,1
arabia,1
target,1
footstool,1
fastened,1
drinking,1
accounted,1
bringing,1
apes,1
peacocks,1
raiment,1
mules,1
bestowed,1
border,1
servitude,1
kind,1
lighter,1
finger,1
thicker,1
bade,1
roughly,1
speed,1
flee,1
warriors,1
obeyed,1
defence,1
holds,1
resorted,1
coasts,1
devils,1
eighteen,1
wisely,1
dispersed,1
grant,1
deliverance,1
