man,60
god,41
heart,40
time,39
sun,35
vanity,33
thou,29
wisdom,28
good,25
wise,25
labour,23
evil,22
men,20
days,20
spirit,19
work,15
fool,14
words,13
great,13
yea,13
chapter,12
life,12
eat,12
king,11
earth,11
find,11
place,10
vexation,10
sons,9
preacher,8
travail,8
behold,8
house,8
portion,8
hand,8
wicked,8
works,7
knowledge,7
folly,7
eyes,7
living,7
poor,7
day,7
profit,6
full,6
hands,6
darkness,6
rejoice,6
judgment,6
power,6
dead,6
riches,6
fools,6
jerusalem,5
return,5
madness,5
laboured,5
drink,5
soul,5
sinner,5
set,5
fear,5
righteous,5
child,5
hear,5
mouth,5
thereof,5
live,5
years,5
city,5
son,4
vanities,4
wind,4
gave,4
heaven,4
sore,4
sorrow,4
mirth,4
enjoy,4
laughter,4
sought,4
give,4
servants,4
silver,4
whatsoever,4
joy,4
sight,4
wickedness,4
considered,4
flesh,4
broken,4
surely,4
voice,4
youth,4
satisfied,3
filled,3
remembrance,3
seek,3
therewith,3
pleasure,3
wine,3
planted,3
born,3
light,3
event,3
forgotten,3
leave,3
purpose,3
die,3
cast,3
stones,3
love,3
war,3
beginning,3
gift,3
put,3
dust,3
wherefore,3
bring,3
returned,3
fall,3
foolish,3
walk,3
hasty,3
multitude,3
vow,3
pay,3
matter,3
increase,3
sleep,3
rich,3
hurt,3
remember,3
ointment,3
death,3
curse,3
applied,3
merry,3
bread,3
strength,3
princes,3
clouds,3
tree,3
generation,2
south,2
north,2
rivers,2
sea,2
utter,2
eye,2
search,2
exercised,2
crooked,2
straight,2
estate,2
perceived,2
grief,2
mad,2
lay,2
hold,2
trees,2
water,2
wood,2
singers,2
increased,2
wrought,2
head,2
hated,2
rest,2
night,2
gather,2
season,2
righteousness,2
beasts,2
beast,2
comforter,2
reward,2
woe,2
cord,2
admonished,2
stand,2
goest,2
business,2
suffer,2
error,2
angry,2
destroy,2
oppression,2
higher,2
abundance,2
owners,2
sweet,2
womb,2
carry,2
wealth,2
honour,2
birth,2
thousand,2
desire,2
shadow,2
mourning,2
defence,2
money,2
heed,2
foolishness,2
woman,2
upright,2
face,2
commandment,2
oath,2
hatred,2
alike,2
strong,2
heard,2
ruler,2
rise,2
serpent,2
bite,2
land,2
morning,2
bird,2
rain,2
sow,2
darkened,2
streets,2
ecclesiastes,1
david,1
arose,1
continually,1
circuits,1
run,1
thither,1
ear,1
hearing,1
israel,1
wanting,1
numbered,1
communed,1
experience,1
prove,1
acquainting,1
builded,1
houses,1
vineyards,1
gardens,1
orchards,1
kind,1
fruits,1
pools,1
maidens,1
possessions,1
small,1
cattle,1
gathered,1
gold,1
peculiar,1
treasure,1
kings,1
provinces,1
gat,1
women,1
delights,1
musical,1
instruments,1
sorts,1
remained,1
desired,1
withheld,1
rejoiced,1
looked,1
turned,1
grievous,1
rule,1
shewed,1
despair,1
equity,1
sorrows,1
hasten,1
heap,1
plant,1
pluck,1
kill,1
heal,1
break,1
build,1
weep,1
laugh,1
mourn,1
dance,1
embrace,1
refrain,1
embracing,1
lose,1
rend,1
sew,1
silence,1
speak,1
hate,1
peace,1
beautiful,1
world,1
iniquity,1
judge,1
manifest,1
breath,1
preeminence,1
turn,1
upward,1
downward,1
perceive,1
oppressions,1
tears,1
oppressed,1
side,1
oppressors,1
praised,1
alive,1
envied,1
neighbour,1
handful,1
quietness,1
brother,1
bereave,1
lift,1
fellow,1
lie,1
heat,1
warm,1
prevail,1
withstand,1
threefold,1
quickly,1
prison,1
reign,1
kingdom,1
stead,1
foot,1
ready,1
sacrifice,1
rash,1
dream,1
defer,1
vowed,1
sin,1
angel,1
dreams,1
divers,1
violent,1
perverting,1
justice,1
province,1
marvel,1
highest,1
served,1
field,1
goods,1
saving,1
beholding,1
labouring,1
perish,1
mother,1
naked,1
points,1
wrath,1
sickness,1
comely,1
common,1
stranger,1
disease,1
beget,1
children,1
burial,1
untimely,1
covered,1
told,1
appetite,1
wandering,1
named,1
contend,1
mightier,1
vain,1
precious,1
feasting,1
sadness,1
countenance,1
rebuke,1
song,1
crackling,1
thorns,1
pot,1
patient,1
proud,1
anger,1
bosom,1
enquire,1
wisely,1
inheritance,1
excellency,1
prosperity,1
joyful,1
adversity,1
withdraw,1
ten,1
mighty,1
spoken,1
servant,1
oftentimes,1
cursed,1
proved,1
exceeding,1
deep,1
reason,1
bitter,1
snares,1
nets,1
bands,1
escape,1
counting,1
account,1
inventions,1
interpretation,1
shine,1
boldness,1
changed,1
counsel,1
regard,1
word,1
feel,1
misery,1
retain,1
discharge,1
deliver,1
buried,1
holy,1
sentence,1
executed,1
speedily,1
fully,1
times,1
prolonged,1
prolong,1
commended,1
abide,1
beheld,1
declare,1
clean,1
unclean,1
joined,1
hope,1
dog,1
lion,1
memory,1
envy,1
perished,1
garments,1
white,1
lack,1
joyfully,1
wife,1
device,1
grave,1
race,1
swift,1
battle,1
understanding,1
favour,1
skill,1
chance,1
fishes,1
net,1
birds,1
caught,1
snare,1
snared,1
suddenly,1
besieged,1
built,1
bulwarks,1
delivered,1
remembered,1
despised,1
quiet,1
cry,1
weapons,1
flies,1
apothecary,1
send,1
stinking,1
savour,1
reputation,1
left,1
yielding,1
offences,1
dignity,1
sit,1
horses,1
walking,1
pit,1
hedge,1
endangered,1
iron,1
blunt,1
whet,1
edge,1
profitable,1
direct,1
enchantment,1
babbler,1
gracious,1
lips,1
swallow,1
talk,1
mischievous,1
blessed,1
art,1
nobles,1
due,1
drunkenness,1
slothfulness,1
building,1
idleness,1
feast,1
thought,1
bedchamber,1
air,1
wings,1
waters,1
empty,1
reap,1
bones,1
grow,1
seed,1
evening,1
withhold,1
prosper,1
pleasant,1
young,1
cheer,1
ways,1
remove,1
childhood,1
creator,1
draw,1
nigh,1
moon,1
stars,1
keepers,1
tremble,1
bow,1
grinders,1
cease,1
windows,1
doors,1
shut,1
sound,1
grinding,1
daughters,1
brought,1
afraid,1
high,1
fears,1
almond,1
flourish,1
grasshopper,1
burden,1
fail,1
long,1
home,1
mourners,1
loosed,1
golden,1
bowl,1
pitcher,1
fountain,1
wheel,1
cistern,1
taught,1
order,1
proverbs,1
acceptable,1
written,1
truth,1
goads,1
nails,1
fastened,1
masters,1
assemblies,1
shepherd,1
making,1
books,1
study,1
weariness,1
conclusion,1
commandments,1
duty,1
secret,1
