lord,439
thou,338
god,257
israel,186
house,163
man,158
land,153
side,135
thereof,119
son,108
behold,104
hand,96
midst,94
day,86
gate,86
sword,82
cubits,77
set,73
word,69
brought,65
men,61
bring,56
east,55
face,54
fire,53
blood,52
great,51
offering,51
live,49
holy,49
chapter,48
place,48
egypt,48
iniquity,47
city,47
give,46
heathen,46
pass,45
desolate,44
court,43
abominations,42
north,40
fall,40
thousand,40
nations,39
idols,39
heart,38
chambers,38
border,37
breadth,37
put,36
slain,36
twenty,35
waters,34
die,34
sanctuary,34
mountains,34
wicked,33
multitude,33
measured,33
lifted,32
children,32
days,32
prophesy,32
month,31
eat,31
daughters,31
king,30
hear,30
judgments,30
length,30
spoken,29
prince,29
south,29
eyes,28
speak,28
wall,28
fury,28
trees,28
earth,27
appearance,26
spirit,26
jerusalem,26
sight,26
door,26
art,25
field,25
west,25
high,24
glory,24
surely,24
bear,24
countries,24
committed,24
turn,23
lay,23
meat,23
flesh,23
ways,23
flock,23
living,22
wheels,22
dwell,22
cast,22
sons,22
posts,22
captivity,21
wings,21
stood,21
sin,21
statutes,21
judge,21
possession,21
sea,21
caused,20
rivers,20
cut,20
young,20
whoredoms,20
portion,20
year,19
bread,19
time,19
cities,19
yea,19
burnt,19
river,18
hands,18
mouth,18
prepare,18
destroy,18
places,18
tree,18
branches,18
inheritance,18
broad,18
feet,17
left,17
rebellious,17
drink,17
head,17
broken,17
offer,17
deliver,17
altar,17
babylon,17
covenant,17
priests,17
reed,17
long,17
oblation,17
ephah,17
full,16
laid,16
water,16
part,16
defiled,16
polluted,16
scattered,16
porch,16
oil,16
gates,16
likeness,15
faces,15
heads,15
voice,15
fathers,15
righteous,15
judah,15
break,15
beasts,15
wilderness,15
enter,15
gather,15
sister,15
cubit,15
ten,15
arches,15
heard,14
strong,14
measure,14
wherefore,14
waste,14
bones,14
return,14
cover,14
shame,14
souls,14
prey,14
princes,14
ground,14
company,14
utter,14
fifty,14
work,13
stand,13
open,13
delivered,13
righteousness,13
lie,13
famine,13
anger,13
cease,13
vision,13
peace,13
linen,13
beast,13
fruit,13
pharaoh,13
pit,13
offerings,13
palm,13
covered,12
scatter,12
pestilence,12
beauty,12
spoil,12
clothed,12
cherub,12
father,12
merchants,12
mighty,12
horses,12
sabbaths,12
windows,12
looked,11
noise,11
send,11
wickedness,11
soul,11
walked,11
evil,11
increase,11
defile,11
women,11
lewdness,11
building,11
height,11
walls,11
terror,11
feed,11
measures,11
bullock,11
blemish,11
opened,10
words,10
commit,10
bands,10
burn,10
execute,10
thick,10
violence,10
silver,10
temple,10
filled,10
charge,10
wilt,10
poured,10
shed,10
top,10
army,10
tenth,10
profaned,10
parts,10
shepherds,10
tribes,10
prophet,9
cloud,9
creatures,9
sides,9
turned,9
loins,9
fell,9
woe,9
fill,9
ears,9
sign,9
youth,9
wind,9
draw,9
multiplied,9
recompense,9
morning,9
strangers,9
jealousy,9
threshold,9
residue,9
mountain,9
inhabited,9
discovered,9
transgressions,9
doings,9
devoured,9
mother,9
harlot,9
garments,9
good,9
despised,9
lamentation,9
kings,9
merchandise,9
isles,9
seas,9
stick,9
graves,9
cleanse,9
tables,9
minister,9
priest,8
lion,8
wheel,8
stone,8
afraid,8
spread,8
mount,8
years,8
smite,8
eye,8
consumed,8
rest,8
leave,8
stretch,8
pour,8
wrath,8
gold,8
houses,8
heaven,8
eastward,8
mind,8
executed,8
walk,8
bare,8
prophets,8
trespass,8
nakedness,8
whoredom,8
sins,8
boughs,8
profane,8
riches,8
doors,8
fat,8
cattle,8
measuring,8
chamber,8
levites,8
ram,8
brightness,7
colour,7
upward,7
sat,7
warn,7
save,7
remembered,7
shut,7
sixth,7
eaten,7
consume,7
spare,7
pity,7
reproach,7
valleys,7
images,7
remember,7
corners,7
rod,7
devour,7
pollute,7
lift,7
deal,7
cry,7
slay,7
sound,7
inhabitants,7
proverb,7
astray,7
vine,7
wood,7
broidered,7
fine,7
wife,7
swords,7
lawful,7
judgment,7
equal,7
serve,7
country,7
sanctified,7
ammonites,7
shew,7
vengeance,7
lambs,7
eden,7
gathered,7
safely,7
settle,7
sacrifice,7
separate,7
reeds,7
homer,7
brass,6
stretched,6
creature,6
entered,6
honey,6
dwelt,6
warning,6
require,6
rams,6
iron,6
forty,6
hin,6
remnant,6
escape,6
mourn,6
seek,6
northward,6
entry,6
slaughter,6
commanded,6
shoulder,6
disperse,6
divination,6
vanity,6
lies,6
daubed,6
fallen,6
arms,6
stranger,6
daughter,6
passed,6
naked,6
fair,6
gave,6
borne,6
egyptians,6
ashamed,6
gifts,6
lovers,6
filthiness,6
stones,6
sisters,6
samaria,6
sodom,6
war,6
dry,6
spoiled,6
reason,6
sanctify,6
doted,6
horsemen,6
deep,6
iniquities,6
fairs,6
servant,6
fish,6
shepherd,6
post,6
steps,6
prospect,6
visions,5
straight,5
foot,5
bright,5
thither,5
firmament,5
terrible,5
rebelled,5
forbear,5
watchman,5
life,5
bind,5
siege,5
build,5
arm,5
divide,5
detestable,5
accomplish,5
remain,5
strengthen,5
trumpet,5
possess,5
law,5
form,5
exceeding,5
prophesied,5
ordinances,5
stuff,5
remove,5
carry,5
net,5
untempered,5
enquired,5
multiply,5
increased,5
perfect,5
assyrians,5
judged,5
oath,5
lebanon,5
cedar,5
seed,5
planted,5
leaves,5
plant,5
neighbour,5
oppressed,5
wrought,5
sake,5
furbished,5
appoint,5
remembrance,5
blow,5
alienated,5
chariots,5
scum,5
dust,5
strength,5
shake,5
merchant,5
tubal,5
damascus,5
goats,5
wisdom,5
garden,5
twelfth,5
fowls,5
healed,5
nether,5
wastes,5
valley,5
breath,5
pavement,5
bath,5
chaldeans,4
eagle,4
throne,4
roll,4
mourning,4
hearken,4
astonished,4
number,4
barley,4
shekels,4
staff,4
astonishment,4
winds,4
comforted,4
arrows,4
hills,4
altars,4
dead,4
hill,4
sweet,4
savour,4
pride,4
alive,4
streets,4
bloody,4
pomp,4
ancients,4
elders,4
greater,4
dark,4
branch,4
cried,4
mark,4
utterly,4
slew,4
chaldea,4
built,4
stature,4
hunt,4
forest,4
thereon,4
burned,4
nativity,4
washed,4
breasts,4
love,4
prosper,4
renown,4
fed,4
eminent,4
neighbours,4
philistines,4
played,4
woman,4
pleasure,4
clothes,4
poor,4
abomination,4
confounded,4
mentioned,4
roots,4
shot,4
wither,4
plead,4
trespassed,4
shadow,4
pledge,4
usury,4
brother,4
lions,4
lost,4
rule,4
seventh,4
jacob,4
manner,4
sheath,4
captains,4
call,4
precious,4
clean,4
names,4
riding,4
cup,4
table,4
write,4
boil,4
lot,4
rock,4
coast,4
nebuchadrezzar,4
sit,4
destroyed,4
mariners,4
pilots,4
ships,4
traded,4
market,4
horns,4
occupied,4
chief,4
suburbs,4
lament,4
hold,4
ethiopia,4
daily,4
hell,4
sheep,4
search,4
pasture,4
david,4
feasts,4
joseph,4
passengers,4
outward,4
keepers,4
afterward,4
ministers,4
westward,4
portions,4
benjamin,4
ezekiel,3
captives,3
amber,3
joined,3
coals,3
returned,3
beheld,3
beryl,3
speech,3
sapphire,3
rain,3
written,3
forehead,3
receive,3
bitterness,3
plain,3
roof,3
dumb,3
fort,3
accomplished,3
appointed,3
wheat,3
dung,3
pieces,3
abominable,3
destruction,3
bereave,3
carcases,3
carried,3
vain,3
green,3
trouble,3
wailing,3
knees,3
weak,3
gird,3
removed,3
mischief,3
troubled,3
dig,3
incense,3
forsaken,3
light,3
loud,3
higher,3
sigh,3
courts,3
appeared,3
caldron,3
shewed,3
twilight,3
declare,3
prolonged,3
lying,3
hope,3
divine,3
overflowing,3
shower,3
hailstones,3
rend,3
answer,3
repent,3
enquire,3
punishment,3
daniel,3
sore,3
fuel,3
meet,3
born,3
person,3
ornaments,3
skin,3
beautiful,3
flour,3
kingdom,3
jewels,3
adultery,3
husband,3
thrust,3
elder,3
needy,3
estate,3
breaking,3
highest,3
power,3
led,3
fowl,3
exalted,3
dried,3
beget,3
sinned,3
ruin,3
death,3
whelps,3
milk,3
lands,3
purge,3
accept,3
melt,3
sharpened,3
exalt,3
overturn,3
whiles,3
created,3
indignation,3
vexed,3
dealt,3
oppression,3
widow,3
smitten,3
dross,3
tin,3
lead,3
furnace,3
melted,3
cleansed,3
difference,3
hid,3
sought,3
blue,3
rulers,3
desirable,3
babylonians,3
bed,3
issue,3
shield,3
helmet,3
prepared,3
sort,3
piece,3
choice,3
purged,3
desire,3
weep,3
lips,3
escaped,3
flocks,3
hatred,3
eleventh,3
towers,3
nets,3
wounded,3
tremble,3
shields,3
wares,3
wool,3
bound,3
hide,3
hooks,3
service,3
served,3
pain,3
greatness,3
driven,3
grave,3
moon,3
weapons,3
blessing,3
yield,3
perpetual,3
bone,3
bury,3
months,3
narrow,3
forefront,3
pillars,3
galleries,3
stories,3
goings,3
approach,3
laws,3
bottom,3
twelve,3
lamb,3
feast,3
sabbath,3
worship,3
southward,3
reuben,3
simeon,3
issachar,3
gad,3
book,2
fourth,2
sole,2
bodies,2
lightning,2
ran,2
rings,2
almighty,2
downward,2
bow,2
nation,2
transgressed,2
impudent,2
dismayed,2
bowels,2
strange,2
hard,2
language,2
foreheads,2
fear,2
rushing,2
warned,2
battering,2
besieged,2
vessel,2
weight,2
bake,2
torn,2
knife,2
balances,2
hair,2
diminish,2
furious,2
rebukes,2
departed,2
whoring,2
evils,2
risen,2
rejoice,2
seller,2
battle,2
feeble,2
sackcloth,2
secret,2
chain,2
rumour,2
perish,2
counsel,2
desolation,2
deserts,2
seat,2
image,2
creeping,2
seventy,2
backs,2
sun,2
provoke,2
nose,2
destroying,2
weapon,2
writer,2
called,2
hearing,2
ancient,2
matter,2
appearances,2
knew,2
apiece,2
died,2
brethren,2
assemble,2
stony,2
removing,2
snare,2
trembling,2
carefulness,2
hearts,2
hedge,2
assembly,2
stormy,2
pillows,2
kerchiefs,2
fly,2
tear,2
sad,2
strengthened,2
deceived,2
noah,2
job,2
noisome,2
comfort,2
canaan,2
hittite,2
bud,2
anointed,2
girded,2
silk,2
decked,2
bracelets,2
crown,2
comeliness,2
trust,2
divers,2
colours,2
madest,2
sacrificed,2
small,2
street,2
fornication,2
food,2
lewd,2
satisfied,2
hire,2
contrary,2
reward,2
hated,2
strip,2
younger,2
corrupted,2
abundance,2
justified,2
syria,2
despise,2
establish,2
everlasting,2
parable,2
feathers,2
twigs,2
fruitful,2
grew,2
spreading,2
furrows,2
goodly,2
pluck,2
base,2
forts,2
persons,2
edge,2
restored,2
hungry,2
garment,2
unequal,2
learned,2
catch,2
chains,2
palaces,2
roaring,2
rods,2
flowing,2
greatly,2
observe,2
hallow,2
offered,2
sacrifices,2
sojourn,2
oblations,2
corrupt,2
drop,2
kindle,2
quenched,2
drawn,2
faint,2
howl,2
thigh,2
