lord,33
land,11
children,11
god,11
great,10
day,9
men,8
wine,7
tree,7
zion,7
offering,6
field,6
gather,6
jerusalem,6
judah,6
strong,5
house,5
yea,5
desolate,5
fire,5
wilderness,5
heathen,5
valley,5
days,4
eaten,4
meat,4
drink,4
ministers,4
call,4
run,4
rain,4
pass,4
blood,4
chapter,3
inhabitants,3
generation,3
left,3
locust,3
cankerworm,3
howl,3
cut,3
teeth,3
vine,3
fig,3
priests,3
corn,3
dried,3
oil,3
ashamed,3
withered,3
sons,3
sanctify,3
cry,3
hand,3
beasts,3
pastures,3
flame,3
holy,3
darkness,3
mountains,3
mighty,3
war,3
earth,3
heavens,3
sun,3
moon,3
army,3
return,3
behold,3
israel,3
sold,3
joel,2
word,2
give,2
weep,2
lion,2
laid,2
cast,2
lament,2
sackcloth,2
wasted,2
wheat,2
harvest,2
trees,2
joy,2
altar,2
fast,2
solemn,2
assembly,2
elders,2
devoured,2
rivers,2
waters,2
blow,2
trumpet,2
mountain,2
tremble,2
years,2
appearance,2
noise,2
face,2
climb,2
wall,2
stars,2
withdraw,2
shining,2
utter,2
voice,2
terrible,2
turn,2
heart,2
assemble,2
heritage,2
reproach,2
satisfied,2
remove,2
sea,2
glad,2
rejoice,2
strength,2
full,2
fats,2
overflow,2
pour,2
spirit,2
daughters,2
bring,2
nations,2
head,2
sell,2
multitudes,2
decision,2
flow,2
son,1
hear,1
ear,1
fathers,1
awake,1
drunkards,1
drinkers,1
mouth,1
nation,1
number,1
cheek,1
waste,1
barked,1
clean,1
bare,1
branches,1
thereof,1
white,1
virgin,1
girded,1
husband,1
youth,1
mourn,1
husbandmen,1
barley,1
perished,1
pomegranate,1
palm,1
apple,1
gird,1
lie,1
night,1
alas,1
destruction,1
almighty,1
eyes,1
gladness,1
seed,1
rotten,1
clods,1
garners,1
barns,1
broken,1
groan,1
herds,1
cattle,1
perplexed,1
pasture,1
flocks,1
sheep,1
burned,1
sound,1
alarm,1
nigh,1
gloominess,1
clouds,1
thick,1
morning,1
spread,1
generations,1
garden,1
eden,1
escape,1
horses,1
horsemen,1
chariots,1
tops,1
leap,1
stubble,1
set,1
battle,1
array,1
pained,1
faces,1
blackness,1
march,1
ways,1
break,1
ranks,1
thrust,1
walk,1
path,1
fall,1
sword,1
wounded,1
city,1
houses,1
enter,1
windows,1
thief,1
quake,1
dark,1
camp,1
abide,1
fasting,1
weeping,1
mourning,1
rend,1
garments,1
gracious,1
merciful,1
slow,1
anger,1
kindness,1
evil,1
repent,1
leave,1
blessing,1
congregation,1
suck,1
breasts,1
bridegroom,1
chamber,1
bride,1
closet,1
porch,1
spare,1
rule,1
wherefore,1
jealous,1
pity,1
answer,1
send,1
therewith,1
northern,1
drive,1
barren,1
east,1
hinder,1
part,1
utmost,1
stink,1
ill,1
savour,1
fear,1
afraid,1
spring,1
fruit,1
yield,1
moderately,1
month,1
floors,1
restore,1
eat,1
plenty,1
praise,1
dealt,1
wondrously,1
midst,1
afterward,1
flesh,1
prophesy,1
dream,1
dreams,1
young,1
visions,1
servants,1
handmaids,1
shew,1
wonders,1
pillars,1
smoke,1
turned,1
delivered,1
mount,1
deliverance,1
remnant,1
time,1
captivity,1
plead,1
scattered,1
parted,1
lots,1
boy,1
harlot,1
girl,1
tyre,1
coasts,1
palestine,1
render,1
recompense,1
swiftly,1
speedily,1
silver,1
gold,1
carried,1
temples,1
goodly,1
pleasant,1
grecians,1
border,1
raise,1
place,1
spoken,1
proclaim,1
gentiles,1
prepare,1
wake,1
draw,1
beat,1
plowshares,1
swords,1
spears,1
weak,1
thither,1
wakened,1
sit,1
judge,1
put,1
sickle,1
ripe,1
press,1
wickedness,1
darkened,1
roar,1
shake,1
hope,1
dwelling,1
strangers,1
drop,1
hills,1
milk,1
fountain,1
water,1
shittim,1
egypt,1
desolation,1
violence,1
shed,1
innocent,1
dwell,1
cleanse,1
cleansed,1
