lord,7
ungodly,6
jesus,5
christ,5
god,5
beloved,3
men,3
flesh,3
jude,2
mercy,2
love,2
write,2
faith,2
saints,2
reserved,2
darkness,2
judgment,2
great,2
eternal,2
fire,2
dominion,2
speak,2
evil,2
fear,2
fruit,2
spoken,2
lusts,2
words,2
holy,2
glory,2
general,1
epistle,1
chapter,1
servant,1
brother,1
james,1
sanctified,1
father,1
preserved,1
called,1
peace,1
multiplied,1
gave,1
diligence,1
common,1
salvation,1
needful,1
exhort,1
earnestly,1
contend,1
delivered,1
crept,1
unawares,1
ordained,1
condemnation,1
turning,1
grace,1
lasciviousness,1
denying,1
put,1
remembrance,1
knew,1
saved,1
land,1
egypt,1
afterward,1
destroyed,1
believed,1
angels,1
estate,1
left,1
habitation,1
everlasting,1
chains,1
day,1
sodom,1
gomorrha,1
cities,1
manner,1
giving,1
fornication,1
strange,1
set,1
suffering,1
vengeance,1
filthy,1
dreamers,1
defile,1
despise,1
dignities,1
michael,1
archangel,1
contending,1
devil,1
disputed,1
body,1
moses,1
bring,1
railing,1
accusation,1
rebuke,1
naturally,1
brute,1
beasts,1
corrupt,1
woe,1
cain,1
ran,1
greedily,1
error,1
reward,1
perished,1
gainsaying,1
core,1
spots,1
feasts,1
charity,1
feast,1
feeding,1
clouds,1
water,1
carried,1
winds,1
trees,1
dead,1
plucked,1
roots,1
raging,1
waves,1
sea,1
foaming,1
shame,1
wandering,1
stars,1
blackness,1
seventh,1
adam,1
prophesied,1
behold,1
ten,1
thousands,1
execute,1
convince,1
deeds,1
committed,1
hard,1
speeches,1
sinners,1
murmurers,1
complainers,1
walking,1
mouth,1
swelling,1
persons,1
admiration,1
advantage,1
remember,1
apostles,1
told,1
mockers,1
time,1
walk,1
separate,1
sensual,1
spirit,1
building,1
praying,1
ghost,1
life,1
compassion,1
making,1
difference,1
save,1
pulling,1
hating,1
garment,1
spotted,1
falling,1
present,1
faultless,1
presence,1
exceeding,1
joy,1
wise,1
saviour,1
majesty,1
power,1
amen,1
