lord,313
offering,249
priest,185
unclean,110
holy,94
thou,94
sin,89
blood,88
moses,87
altar,87
burnt,84
aaron,80
man,78
put,78
offer,77
fire,74
land,72
israel,65
day,65
thereof,64
bring,63
eat,62
children,61
sons,60
plague,60
flesh,59
congregation,57
god,53
fat,51
atonement,49
skin,49
tabernacle,47
clean,46
offerings,44
house,44
head,41
meat,41
oil,41
sacrifice,40
days,40
bullock,37
water,37
place,37
wash,36
year,33
burn,32
peace,32
soul,32
trespass,32
nakedness,32
hand,31
brought,30
beast,29
behold,29
leprosy,29
blemish,28
chapter,27
commanded,27
clothes,27
whatsoever,26
issue,26
years,26
speak,24
door,24
bread,23
eaten,23
father,23
cut,22
part,22
pronounce,22
estimation,22
seed,22
uncover,21
woman,21
daughter,21
field,21
kill,20
ram,20
wave,20
white,20
seventh,20
possession,20
sweet,19
uncleanness,19
stranger,19
sprinkle,18
goat,18
camp,18
law,18
inwards,17
savour,17
lamb,17
statute,17
give,17
sanctify,17
spread,17
redeem,17
times,16
garment,16
hair,16
death,16
sabbath,16
wife,16
lay,15
young,15
bear,15
iniquity,15
carcase,15
lie,15
sight,15
cleansed,15
bathe,15
profane,15
sold,15
wood,14
flour,14
kidneys,14
generations,14
manner,14
work,14
brother,14
mother,14
finger,13
hands,13
neighbour,13
linen,13
abomination,13
month,13
male,12
fine,12
pour,12
sinned,12
sanctuary,12
burning,12
garments,12
beasts,12
statutes,12
bright,12
surely,12
enemies,12
unleavened,11
mingled,11
anointed,11
rest,11
tenth,11
defile,11
egypt,11
shut,11
sabbaths,11
priests,10
goats,10
left,10
covenant,10
female,10
commandments,10
forgiven,10
defiled,10
shekels,10
broken,10
die,10
eighth,10
kind,10
spot,10
walk,10
sister,10
redeemed,10
fruit,10
accepted,9
oblation,9
caul,9
liver,9
guilty,9
creeping,9
vessel,9
anointing,9
earth,9
living,9
bald,9
son,9
dwell,9
warp,9
woof,9
bird,9
stones,9
number,9
set,9
judgments,9
increase,9
pigeons,8
horns,8
bottom,8
commit,8
command,8
sprinkled,8
shoulder,8
gather,8
fall,8
born,8
separation,8
running,8
poor,8
sins,8
strangers,8
convocation,8
return,8
pieces,7
order,7
cast,7
frankincense,7
thereon,7
memorial,7
full,7
touch,7
good,7
add,7
morning,7
offered,7
breast,7
foot,7
great,7
hoof,7
cud,7
break,7
rising,7
turned,7
deeper,7
face,7
time,7
city,7
bed,7
mercy,7
seat,7
souls,7
harvest,7
sow,7
cities,7
sword,7
contrary,7
flock,6
legs,6
sheep,6
turtledoves,6
presented,6
dwellings,6
ignorance,6
carry,6
poured,6
killed,6
thereto,6
morrow,6
sacrifices,6
sanctified,6
slew,6
tip,6
ear,6
nigh,6
drink,6
waters,6
dead,6
cleansing,6
reddish,6
sojourn,6
approach,6
fear,6
reap,6
hired,6
trees,6
yield,6
stone,6
servant,6
money,6
servile,6
bought,6
cattle,5
ashes,5
cakes,5
leaven,5
flanks,5
dip,5
incense,5
kid,5
committed,5
silver,5
restore,5
night,5
therewith,5
thanksgiving,5
heave,5
leave,5
abominable,5
waved,5
sinai,5
washed,5
thumb,5
toe,5
boil,5
uncle,5
brethren,5
due,5
scab,5
dark,5
raw,5
beard,5
shave,5
woollen,5
cedar,5
scarlet,5
hyssop,5
log,5
afterward,5
hallow,5
live,5
life,5
kin,5
molech,5
stand,5
family,5
uncovered,5
sojourner,5
feasts,5
proclaim,5
sell,5
price,5
bondmen,5
desolate,5
change,5
bad,5
devoted,5
called,4
herd,4
fowls,4
divide,4
handful,4
oven,4
corn,4
beaten,4
rump,4
food,4
perpetual,4
slay,4
withal,4
shekel,4
falsely,4
earthen,4
vow,4
men,4
fowl,4
mount,4
wilderness,4
girded,4
feet,4
alive,4
carcases,4
creep,4
purifying,4
stay,4
healed,4
forehead,4
leper,4
birds,4
lambs,4
deals,4
present,4
cleanse,4
lot,4
scapegoat,4
send,4
afflict,4
country,4
wickedness,4
remain,4
corners,4
vineyard,4
count,4
cursed,4
buy,4
freewill,4
feast,4
sheaf,4
destroy,4
pure,4
continually,4
fruits,4
levites,4
heathen,4
ten,4
abhor,4
hearken,4
remember,4
twenty,4
side,3
remnant,3
pan,3
salt,3
suffer,3
ears,3
dung,3
hid,3
eyes,3
assembly,3
confess,3
ephah,3
delivered,3
remainder,3
wholly,3
rinsed,3
ox,3
torn,3
wise,3
consecrations,3
basket,3
gathered,3
girdle,3
mitre,3
laid,3
hide,3
consecration,3
cake,3
calf,3
fell,3
died,3
rend,3
difference,3
wherefore,3
fins,3
scales,3
owl,3
fountain,3
child,3
hallowed,3
cover,3
shewed,3
yellow,3
spots,3
fallen,3
fretting,3
open,3
palm,3
canaan,3
fields,3
copulation,3
iniquities,3
whoring,3
long,3
abominations,3
idols,3
blind,3
husband,3
whore,3
familiar,3
high,3
eye,3
convocations,3
fifteenth,3
fifty,3
booths,3
sound,3
redemption,3
waxen,3
houses,3
fathers,3
servants,3
rule,3
rigour,3
reckon,3
image,3
chase,3
enjoy,3
voluntary,2
parts,2
flocks,2
wring,2
wrung,2
asunder,2
wafers,2
honey,2
season,2
lacking,2
green,2
elders,2
burned,2
knowledge,2
swear,2
evil,2
trespassed,2
lost,2
breeches,2
consumed,2
court,2
portion,2
males,2
stead,2
sodden,2
dry,2
imputed,2
pertain,2
minister,2
office,2
rams,2
coat,2
breastplate,2
crown,2
coats,2
consecrate,2
abide,2
pass,2
glory,2
breasts,2
blessed,2
censer,2
heads,2
wine,2
teach,2
daughters,2
heard,2
seas,2
rivers,2
eagle,2
hawk,2
flying,2
locust,2
sowing,2
creature,2
continue,2
fulfilled,2
maid,2
turtles,2
quick,2
turn,2
changed,2
black,2
seek,2
sore,2
utterly,2
bare,2
greenish,2
skins,2
ewe,2
deal,2
walls,2
wall,2
scraped,2
dust,2
slain,2
run,2
sat,2
flowers,2
separate,2
cloud,2
testimony,2
transgressions,2
everlasting,2
doings,2
dwelt,2
ordinances,2
kinswoman,2
vex,2
carnally,2
mankind,2
confusion,2
nations,2
inhabitants,2
nation,2
spue,2
ordinance,2
rob,2
unrighteousness,2
judgment,2
respect,2
person,2
honour,2
hate,2
heart,2
avenge,2
love,2
fourth,2
observe,2
cuttings,2
whoredom,2
reverence,2
spirits,2
wizards,2
weight,2
hin,2
ways,2
adultery,2
childless,2
abhorred,2
inherit,2
separated,2
virgin,2
widow,2
divorced,2
superfluous,2
scurvy,2
sanctuaries,2
vows,2
beeves,2
selfsame,2
ninth,2
celebrate,2
boughs,2
lamps,2
bake,2
row,2
breach,2
tooth,2
prune,2
grapes,2
vine,2
undressed,2
space,2
trumpet,2
fiftieth,2
oppress,2
safety,2
store,2
sale,2
walled,2
usury,2
serve,2
bondmaids,2
wax,2
reach,2
vintage,2
vain,2
flee,2
punish,2
power,2
waste,2
desolation,2
hearts,2
lands,2
pine,2
walked,2
accept,2
punishment,2
sixty,2
estimate,2
tithe,2
book,1
leviticus,1
flay,1
northward,1
pluck,1
crop,1
feathers,1
east,1
cleave,1
wings,1
dried,1
hard,1
backbone,1
ruler,1
common,1
hear,1
voice,1
swearing,1
witness,1
utter,1
hidden,1
pronouncing,1
lips,1
oath,1
neck,1
touching,1
amends,1
harm,1
forbidden,1
erred,1
fellowship,1
violence,1
deceived,1
sinning,1
violently,1
deceitfully,1
sworn,1
principal,1
trespassing,1
pot,1
scoured,1
reconcile,1
dressed,1
fried,1
leavened,1
oblations,1
clothed,1
robe,1
curious,1
bound,1
forefront,1
golden,1
plate,1
vessels,1
laver,1
girdles,1
bonnets,1
purified,1
reconciliation,1
thumbs,1
toes,1
oiled,1
wafer,1
charge,1
drew,1
stood,1
dipped,1
lifted,1
appeared,1
shouted,1
faces,1
strange,1
devoured,1
glorified,1
held,1
carried,1
wrath,1
bewail,1
kindled,1
word,1
strong,1
unholy,1
spoken,1
diligently,1
sought,1
angry,1
befallen,1
content,1
chew,1
camel,1
coney,1
hare,1
swine,1
move,1
vulture,1
kite,1
raven,1
cormorant,1
swan,1
pelican,1
gier,1
stork,1
heron,1
lapwing,1
bat,1
leap,1
beetle,1
grasshopper,1
paws,1
weasel,1
mouse,1
tortoise,1
ferret,1
chameleon,1
lizard,1
snail,1
mole,1
raiment,1
sack,1
drunk,1
ranges,1
pots,1
pit,1
plenty,1
sown,1
belly,1
conceived,1
infirmity,1
foreskin,1
circumcised,1
weeks,1
threescore,1
pigeon,1
turtledove,1
wheresoever,1
covered,1
hairs,1
hot,1
inflammation,1
thin,1
shaven,1
grown,1
darkish,1
freckled,1
sprung,1
leprous,1
rent,1
covering,1
upper,1
lip,1
cry,1
habitation,1
colour,1
fret,1
washing,1
spreading,1
departed,1
loose,1
tarry,1
tent,1
eyebrows,1
empty,1
hollow,1
strakes,1
scrape,1
timber,1
stopped,1
spit,1
saddle,1
sick,1
ark,1
attired,1
kids,1
lots,1
coals,1
small,1
eastward,1
midst,1
household,1
reconciling,1
putting,1
fit,1
inhabited,1
anoint,1
shed,1
devils,1
home,1
begotten,1
aunt,1
kinswomen,1
womankind,1
visit,1
spued,1
customs,1
molten,1
gods,1
profaned,1
gleanings,1
glean,1
grape,1
steal,1
defraud,1
wages,1
curse,1
deaf,1
mighty,1
righteousness,1
judge,1
talebearer,1
rebuke,1
grudge,1
gender,1
diverse,1
bondmaid,1
betrothed,1
freedom,1
scourged,1
free,1
planted,1
praise,1
enchantment,1
mar,1
print,1
marks,1
prostitute,1
regard,1
rise,1
hoary,1
measure,1
balances,1
weights,1
adulterer,1
adulteress,1
wrought,1
wicked,1
sickness,1
discovered,1
manners,1
possess,1
milk,1
ground,1
severed,1
spirit,1
wizard,1
chief,1
baldness,1
corner,1
playing,1
consecrated,1
body,1
virginity,1
harlot,1
lame,1
flat,1
nose,1
dwarf,1
told,1
presence,1
touched,1
sun,1
married,1
returned,1
youth,1
unwittingly,1
acceptable,1
accomplish,1
perfect,1
maimed,1
wen,1
bruised,1
crushed,1
corruption,1
blemishes,1
dam,1
thenceforth,1
cow,1
seasons,1
fourteenth,1
passover,1
parched,1
complete,1
habitations,1
loaves,1
riddance,1
gleaning,1
blowing,1
trumpets,1
afflicted,1
tabernacles,1
solemn,1
gifts,1
goodly,1
branches,1
thick,1
willows,1
brook,1
rejoice,1
israelites,1
declared,1
olive,1
light,1
evening,1
candlestick,1
twelve,1
rows,1
table,1
egyptian,1
strove,1
blasphemed,1
tribe,1
ward,1
mind,1
caused,1
accord,1
forty,1
liberty,1
multitude,1
fewness,1
diminish,1
fill,1
blessing,1
sixth,1
sojourners,1
grant,1
overplus,1
dwelling,1
established,1
villages,1
counted,1
purchase,1
suburbs,1
decay,1
relieve,1
yea,1
lend,1
victuals,1
compel,1
depart,1
families,1
begat,1
inheritance,1
rich,1
stock,1
yearly,1
graven,1
rear,1
standing,1
bow,1
rain,1
threshing,1
safely,1
afraid,1
rid,1
thousand,1
flight,1
fruitful,1
multiply,1
establish,1
bands,1
yoke,1
