son,117
children,114
god,75
thou,56
house,45
levites,43
jerusalem,38
king,38
day,36
repaired,35
wall,34
priests,34
thereof,33
judah,28
great,28
gate,27
brethren,25
men,24
lord,22
israel,22
work,21
law,21
days,19
thousand,19
land,19
set,18
fathers,18
twenty,18
servants,17
sons,17
bring,15
singers,15
pass,14
gates,14
hand,14
forty,14
chapter,13
heaven,13
part,13
dwelt,13
chief,13
sabbath,13
heard,12
servant,12
gave,12
brought,12
villages,12
ezra,12
words,11
jews,11
wine,11
city,11
time,11
good,11
rulers,11
daughters,11
year,10
place,10
man,10
give,10
priest,10
doors,10
ruler,10
porters,10
holy,10
stood,10
cities,10
book,9
night,9
nobles,9
rest,9
builded,9
tower,9
appointed,9
fifty,9
nehemiah,8
commandments,8
put,8
david,8
bani,8
water,8
written,8
month,7
moses,7
art,7
build,7
hands,7
piece,7
beth,7
enemies,7
corn,7
scribe,7
zechariah,7
fire,6
remember,6
cast,6
benjamin,6
wives,6
houses,6
eat,6
lands,6
manner,6
evil,6
threescore,6
commanded,6
offering,6
tithes,6
captivity,5
reproach,5
covenant,5
hear,5
prayer,5
fear,5
heart,5
letters,5
valley,5
locks,5
bars,5
governor,5
built,5
chamber,5
sin,5
times,5
wrought,5
vineyards,5
heathen,5
oil,5
congregation,5
bread,5
yea,5
gathered,5
prophets,5
seventy,5
solomon,5
read,5
portions,5
booths,5
branches,5
kings,5
princes,5
offerings,5
chambers,5
begat,5
ward,5
left,4
mercy,4
pray,4
dealt,4
statutes,4
judgments,4
afraid,4
send,4
ammonite,4
dung,4
high,4
sheep,4
sanctified,4
mighty,4
turning,4
places,4
held,4
separated,4
bondage,4
sold,4
leave,4
prepared,4
shut,4
opened,4
elam,4
women,4
seventh,4
street,4
understand,4
fat,4
dwell,4
trees,4
pillar,4
mercies,4
fruit,4
jeremiah,4
overseer,4
fields,4
jonathan,4
twentieth,3
palace,3
province,3
burned,3
beseech,3
terrible,3
ear,3
attentive,3
sins,3
sinned,3
nations,3
turn,3
gather,3
sight,3
artaxerxes,3
sad,3
live,3
sepulchres,3
return,3
governors,3
river,3
beams,3
grieved,3
told,3
beast,3
fountain,3
pool,3
turned,3
returned,3
answered,3
portion,3
fish,3
laid,3
necks,3
inhabitants,3
stairs,3
baruch,3
plain,3
corner,3
merchants,3
fight,3
burdens,3
slay,3
ten,3
spears,3
large,3
thither,3
cry,3
money,3
exact,3
promise,3
amen,3
years,3
silver,3
ono,3
reported,3
temple,3
perceived,3
hired,3
faithful,3
genealogy,3
seed,3
priesthood,3
singing,3
treasure,3
drams,3
gold,3
wood,3
blessed,3
ground,3
joy,3
courts,3
fourth,3
cried,3
praise,3
heardest,3
sea,3
proudly,3
hardened,3
hearkened,3
possessed,3
testified,3
curse,3
ware,3
meat,3
vessels,3
business,3
thanksgiving,3
commandment,3
rejoiced,3
contended,3
affliction,2
broken,2
sat,2
wept,2
prayed,2
observe,2
eyes,2
open,2
father,2
transgress,2
redeemed,2
power,2
strong,2
prosper,2
countenance,2
sore,2
waste,2
consumed,2
letter,2
keeper,2
army,2
save,2
viewed,2
walls,2
entered,2
distress,2
arabian,2
despised,2
rebel,2
rose,2
jericho,2
side,2
goldsmiths,2
broad,2
furnaces,2
col,2
door,2
prison,2
east,2
wroth,2
rubbish,2
stone,2
anger,2
builders,2
began,2
watch,2
strength,2
midst,2
cease,2
bows,2
counsel,2
bare,2
trumpet,2
morning,2
stars,2
lodge,2
guard,2
labour,2
clothes,2
buy,2
flesh,2
usury,2
brother,2
assembly,2
sell,2
peace,2
walk,2
restore,2
called,2
oath,2
thirtieth,2
twelve,2
meet,2
works,2
sworn,2
deeds,2
charge,2
stand,2
watches,2
reckoned,2
register,2
carried,2
babylon,2
fourscore,2
el,2
shew,2
sought,2
asses,2
garments,2
pound,2
understanding,2
worshipped,2
caused,2
drink,2
understood,2
feast,2
mount,2
gladness,2
earth,2
strangers,2
confessed,2
loud,2
blessing,2
host,2
madest,2
canaanites,2
egypt,2
wonders,2
divide,2
light,2
laws,2
thirst,2
possess,2
gracious,2
merciful,2
provocations,2
manifold,2
wilderness,2
spirit,2
goodness,2
trouble,2
dominion,2
forsake,2
behold,2
cattle,2
obadiah,2
victuals,2
continual,2
lots,2
minister,2
aaron,2
tithe,2
levi,2
offered,2
oversight,2
beer,2
amok,2
dedication,2
purified,2
companies,2
trumpets,2
frankincense,2
cleansed,2
treasuries,2
language,2
asked,1
escaped,1
remnant,1
mourned,1
fasted,1
love,1
confess,1
corruptly,1
word,1
scatter,1
uttermost,1
chosen,1
desire,1
grant,1
cupbearer,1
nisan,1
presence,1
wherefore,1
sick,1
sorrow,1
request,1
favour,1
queen,1
sitting,1
long,1
journey,1
wilt,1
pleased,1
convey,1
forest,1
timber,1
appertained,1
enter,1
granted,1
captains,1
horsemen,1
exceedingly,1
seek,1
welfare,1
arose,1
rode,1
dragon,1
port,1
brook,1
knew,1
spoken,1
rise,1
strengthened,1
laughed,1
scorn,1
arise,1
memorial,1
throne,1
apothecaries,1
fortified,1
cubits,1
covered,1
garden,1
armoury,1
earnestly,1
court,1
horse,1
sixth,1
goldsmith,1
indignation,1
mocked,1
samaria,1
feeble,1
fortify,1
sacrifice,1
revive,1
stones,1
heaps,1
fox,1
break,1
head,1
prey,1
cover,1
iniquity,1
blotted,1
provoked,1
joined,1
mind,1
arabians,1
ammonites,1
breaches,1
stopped,1
conspired,1
hinder,1
bearers,1
decayed,1
adversaries,1
higher,1
families,1
swords,1
looked,1
nought,1
shields,1
habergeons,1
laded,1
weapon,1
sword,1
girded,1
sounded,1
sound,1
resort,1
laboured,1
rising,1
appeared,1
saving,1
washing,1
mortgaged,1
dearth,1
borrowed,1
tribute,1
redeem,1
angry,1
consulted,1
rebuked,1
ability,1
answer,1
hundredth,1
require,1
shook,1
lap,1
shake,1
shaken,1
emptied,1
praised,1
eaten,1
chargeable,1
shekels,1
rule,1
continued,1
bought,1
table,1
daily,1
ox,1
choice,1
fowls,1
store,1
sorts,1
required,1
heavy,1
breach,1
thought,1
mischief,1
messengers,1
sort,1
preach,1
weakened,1
strengthen,1
afterward,1
flee,1
life,1
pronounced,1
prophecy,1
matter,1
report,1
prophetess,1
finished,1
elul,1
daughter,1
uttered,1
feared,1
sun,1
hot,1
bar,1
appoint,1
nebuchadnezzar,1
number,1
eighteen,1
hezekiah,1
ai,1
nebo,1
seventeen,1
amon,1
cherub,1
wife,1
polluted,1
manservants,1
maidservants,1
horses,1
mules,1
camels,1
midday,1
ears,1
pulpit,1
purpose,1
shema,1
lifting,1
bowed,1
heads,1
faces,1
distinctly,1
sense,1
reading,1
taught,1
mourn,1
weep,1
sweet,1
stilled,1
hold,1
mirth,1
declared,1
publish,1
proclaim,1
fetch,1
olive,1
pine,1
myrtle,1
palm,1
thick,1
roof,1
nun,1
eighth,1
solemn,1
assembled,1
fasting,1
iniquities,1
voice,1
bless,1
glorious,1
exalted,1
heavens,1
seas,1
choose,1
ur,1
chaldees,1
abraham,1
foundest,1
hittites,1
performed,1
righteous,1
red,1
signs,1
pharaoh,1
dry,1
persecutors,1
deeps,1
waters,1
cloudy,1
sinai,1
true,1
precepts,1
hunger,1
rock,1
refused,1
obey,1
mindful,1
rebellion,1
captain,1
ready,1
pardon,1
slow,1
kindness,1
molten,1
calf,1
cloud,1
departed,1
lead,1
instruct,1
manna,1
mouth,1
sustain,1
lacked,1
waxed,1
feet,1
swelled,1
kingdoms,1
corners,1
promised,1
full,1
goods,1
wells,1
abundance,1
filled,1
delighted,1
disobedient,1
rebelled,1
backs,1
slew,1
vexed,1
saviours,1
saved,1
leftest,1
deliver,1
withdrew,1
shoulder,1
neck,1
forbear,1
sake,1
utterly,1
consume,1
assyria,1
wickedly,1
testimonies,1
testify,1
served,1
kingdom,1
wicked,1
increase,1
bodies,1
pleasure,1
write,1
seal,1
sealed,1
daniel,1
knowledge,1
exaction,1
debt,1
ordinances,1
yearly,1
shekel,1
service,1
burnt,1
sabbaths,1
moons,1
feasts,1
atonement,1
burn,1
altar,1
firstborn,1
herds,1
flocks,1
dough,1
tillage,1
sanctuary,1
parts,1
willingly,1
possession,1
wit,1
valiant,1
joel,1
valour,1
outward,1
principal,1
residue,1
inheritance,1
due,1
matters,1
en,1
nob,1
craftsmen,1
divisions,1
joseph,1
recorded,1
reign,1
persian,1
chronicles,1
keeping,1
thresholds,1
thanksgivings,1
cymbals,1
psalteries,1
harps,1
country,1
musical,1
instruments,1
eastward,1
company,1
sang,1
sacrifices,1
rejoice,1
afar,1
treasures,1
waited,1
purification,1
songs,1
audience,1
met,1
mixed,1
multitude,1
allied,1
obtained,1
preparing,1
household,1
stuff,1
fled,1
field,1
forsaken,1
treasurers,1
counted,1
office,1
distribute,1
wipe,1
offices,1
treading,1
presses,1
bringing,1
sheaves,1
lading,1
grapes,1
figs,1
tyre,1
profane,1
wrath,1
profaning,1
dark,1
charged,1
burden,1
sellers,1
kind,1
lodged,1
lay,1
cleanse,1
sanctify,1
spare,1
greatness,1
married,1
speech,1
speak,1
cursed,1
smote,1
plucked,1
hair,1
swear,1
beloved,1
outlandish,1
hearken,1
marrying,1
strange,1
chased,1
defiled,1
wards,1
