god,13
good,11
men,7
saviour,6
works,6
faith,5
sound,5
jesus,4
christ,4
grace,4
sober,4
doctrine,4
exhort,4
love,4
shewing,4
man,4
titus,3
chapter,3
hope,3
word,3
thou,3
faithful,3
evil,3
pure,3
speak,3
paul,2
truth,2
eternal,2
life,2
world,2
mercy,2
wanting,2
blameless,2
children,2
unruly,2
bishop,2
wine,2
filthy,2
lucre,2
lover,2
holy,2
temperate,2
vain,2
teaching,2
rebuke,2
defiled,2
mind,2
disobedient,2
work,2
aged,2
women,2
young,2
husbands,2
obedient,2
condemned,2
appeared,2
lusts,2
foolish,2
maintain,2
epistle,1
servant,1
apostle,1
elect,1
acknowledging,1
godliness,1
lie,1
promised,1
began,1
due,1
times,1
manifested,1
preaching,1
committed,1
commandment,1
son,1
common,1
peace,1
father,1
lord,1
left,1
crete,1
set,1
order,1
ordain,1
elders,1
city,1
appointed,1
husband,1
wife,1
accused,1
riot,1
steward,1
angry,1
striker,1
hospitality,1
holding,1
fast,1
taught,1
convince,1
talkers,1
deceivers,1
specially,1
circumcision,1
mouths,1
stopped,1
subvert,1
houses,1
sake,1
prophet,1
liars,1
beasts,1
slow,1
bellies,1
witness,1
true,1
wherefore,1
sharply,1
giving,1
heed,1
jewish,1
fables,1
commandments,1
turn,1
unbelieving,1
conscience,1
profess,1
deny,1
abominable,1
reprobate,1
grave,1
charity,1
patience,1
behaviour,1
holiness,1
false,1
accusers,1
teachers,1
teach,1
discreet,1
chaste,1
keepers,1
home,1
blasphemed,1
minded,1
pattern,1
gravity,1
sincerity,1
speech,1
contrary,1
part,1
ashamed,1
servants,1
masters,1
answering,1
purloining,1
fidelity,1
adorn,1
salvation,1
denying,1
ungodliness,1
worldly,1
live,1
soberly,1
righteously,1
godly,1
present,1
blessed,1
glorious,1
appearing,1
great,1
gave,1
redeem,1
iniquity,1
purify,1
peculiar,1
zealous,1
authority,1
despise,1
put,1
subject,1
principalities,1
powers,1
obey,1
magistrates,1
ready,1
brawlers,1
gentle,1
meekness,1
deceived,1
serving,1
divers,1
pleasures,1
living,1
malice,1
envy,1
hateful,1
hating,1
kindness,1
righteousness,1
saved,1
washing,1
regeneration,1
renewing,1
ghost,1
shed,1
abundantly,1
justified,1
heirs,1
affirm,1
constantly,1
believed,1
careful,1
profitable,1
avoid,1
questions,1
genealogies,1
contentions,1
strivings,1
law,1
unprofitable,1
admonition,1
reject,1
knowing,1
subverted,1
send,1
diligent,1
determined,1
winter,1
bring,1
lawyer,1
apollos,1
journey,1
diligently,1
learn,1
unfruitful,1
salute,1
greet,1
amen,1
written,1
ordained,1
church,1
macedonia,1
